tStart,tFin
12.458333333333334,53.52645833333333
53.52645833333333,77.81229166666667
77.81229166666667,129.6
